[
  {
    "namespace": "App\\Models\\Proxies",
    "class": "KsiazkaModel",
    "method": "getAllBooks",
    "hasParams": false,
    "httpMethod": "GET",
    "endpoint": "/books",
    "description": "Get list of all books"
  },
  {
    "namespace": "App\\Models",
    "class": "AuthorizationModel",
    "method": "logIn",
    "hasParams": true,
    "httpMethod": "POST",
    "endpoint": "/login",
    "description": "Login user into app."
  },
  {
    "namespace": "App\\Models",
    "class": "AuthorizationModel",
    "method": "logOut",
    "hasParams": false,
    "httpMethod": "GET",
    "endpoint": "/logout",
    "description": "Logout user."
  },
  {
    "namespace": "App\\Models\\Proxies",
    "class": "KsiazkaModel",
    "method": "getSearchBookResult",
    "hasParams": true,
    "httpMethod": "GET",
    "endpoint": "/books/search/{searchParam}",
    "description": "Get list of all searched books"
  },
  {
    "namespace": "App\\Models\\Proxies",
    "class": "KsiazkaModel",
    "method": "getBookDetail",
    "hasParams": true,
    "httpMethod": "GET",
    "endpoint": "/books/id/{bookId}",
    "description": "Get book details"
  },
  {
    "namespace": "App\\Models\\Proxies",
    "class": "KsiazkaModel",
    "method": "addBook",
    "hasParams": true,
    "httpMethod": "POST",
    "endpoint": "/books/add",
    "description": "Add new book"
  },
  {
    "namespace": "App\\Models\\Proxies",
    "class": "KsiazkaModel",
    "method": "changeBook",
    "hasParams": true,
    "httpMethod": "PUT",
    "endpoint": "/books/id/{bookId}",
    "description": "Change details of existed book"
  },
  {
    "namespace": "App\\Models\\Proxies",
    "class": "KsiazkaModel",
    "method": "deleteBook",
    "hasParams": true,
    "httpMethod": "DELETE",
    "endpoint": "/books/id/{bookId}",
    "description": "Remove book"
  },
  {
    "namespace": "App\\Models\\Proxies",
    "class": "UzytkownikModel",
    "method": "getAllUsers",
    "hasParams": false,
    "httpMethod": "GET",
    "endpoint": "/users",
    "description": "Get all users."
  },
  {
    "namespace": "App\\Models\\Proxies",
    "class": "KsiazkaModel",
    "method": "borrowBook",
    "hasParams": true,
    "httpMethod": "POST",
    "endpoint": "/books/borrow",
    "description": "Borrow book"
  },
  {
    "namespace": "App\\Models\\Proxies",
    "class": "UzytkownikModel",
    "method": "getUserDetail",
    "hasParams": true,
    "httpMethod": "GET",
    "endpoint": "/users/id/{id}",
    "description": "Get selected user."
  },
  {
    "namespace": "App\\Models\\Proxies",
    "class": "KomentarzModel",
    "method": "getAllCommentsByBook",
    "hasParams": true,
    "httpMethod": "GET",
    "endpoint": "/comments/book/id/{id}",
    "description": "Get comments by book."
  },
  {
    "namespace": "App\\Models\\Proxies",
    "class": "KomentarzModel",
    "method": "getAllCommentsByUser",
    "hasParams": true,
    "httpMethod": "GET",
    "endpoint": "/comments/user/id/{id}",
    "description": "Get comments by user."
  }
]